job_id,passed,flag_reason
vcm_train_gap000000,True,
vcm_train_gap000002,True,
vcm_train_gap000004,True,
vcm_train_gap000006,True,
vcm_train_gap000008,True,
vcm_train_gap000010,True,
vcm_train_gap000012,False,qa_flagged
vcm_train_gap000014,True,
vcm_train_gap000016,True,
vcm_train_gap000018,True,
vcm_train_gap000020,True,
vcm_train_gap000022,True,
vcm_train_gap000024,True,
vcm_train_gap000026,True,
vcm_train_gap000028,True,
vcm_train_gap000030,False,qa_flagged
vcm_train_gap000032,True,
vcm_train_gap000034,True,
vcm_train_gap000036,False,qa_flagged
vcm_train_gap000038,True,
vcm_train_gap000040,True,
vcm_train_gap000042,True,
vcm_train_gap000044,True,
vcm_train_gap000046,False,qa_flagged
vcm_train_gap000048,True,
vcm_train_gap000050,True,
vcm_train_gap000052,True,
vcm_train_gap000054,True,
vcm_train_gap000056,True,
vcm_train_gap000058,True,
vcm_train_gap000060,True,
vcm_train_gap000062,True,
vcm_train_gap000064,True,
vcm_train_gap000066,True,
vcm_train_gap000068,True,
vcm_train_gap000070,True,
vcm_train_gap000072,True,
vcm_train_gap000074,True,
vcm_train_gap000076,True,
vcm_train_gap000078,True,
vcm_train_gap000080,True,
vcm_train_gap000082,True,
vcm_train_gap000084,True,
vcm_train_gap000086,True,
vcm_train_gap000088,True,
vcm_train_gap000090,True,
vcm_train_gap000092,True,
vcm_train_gap000094,False,qa_flagged
vcm_train_gap000096,False,qa_flagged
vcm_train_gap000098,True,
vcm_train_gap000100,True,
vcm_train_gap000102,False,qa_flagged
vcm_train_gap000104,True,
vcm_train_gap000106,True,
vcm_train_gap000108,True,
vcm_train_gap000110,True,
vcm_train_gap000112,True,
vcm_train_gap000114,False,qa_flagged
vcm_train_gap000116,True,
vcm_train_gap000118,False,qa_flagged
vcm_train_gap000120,True,
vcm_train_gap000122,True,
vcm_train_gap000124,True,
vcm_train_gap000126,True,
vcm_train_gap000128,True,
vcm_train_gap000130,True,
vcm_train_gap000132,True,
vcm_train_gap000134,True,
vcm_train_gap000136,True,
vcm_train_gap000138,True,
vcm_train_gap000140,True,
vcm_train_gap000142,True,
vcm_train_gap000144,True,
vcm_train_gap000146,True,
vcm_train_gap000148,True,
vcm_train_gap000150,True,
vcm_train_gap000152,True,
vcm_train_gap000154,True,
vcm_train_gap000156,True,
vcm_train_gap000158,False,qa_flagged
vcm_train_gap000160,True,
vcm_train_gap000162,False,qa_flagged
vcm_train_gap000164,True,
vcm_train_gap000166,True,
vcm_train_gap000168,False,qa_flagged
vcm_train_gap000170,True,
vcm_train_gap000172,False,qa_flagged
vcm_train_gap000174,True,
vcm_train_gap000176,True,
vcm_train_gap000178,True,
vcm_train_gap000180,True,
vcm_train_gap000182,False,qa_flagged
vcm_train_gap000184,False,qa_flagged
vcm_train_gap000186,False,qa_flagged
vcm_train_gap000188,True,
vcm_train_gap000190,False,qa_flagged
vcm_train_gap000192,True,
vcm_train_gap000194,True,
vcm_train_gap000196,False,qa_flagged
vcm_train_gap000198,False,qa_flagged
vcm_train_gap000200,True,
vcm_train_gap000202,True,
vcm_train_gap000204,True,
vcm_train_gap000206,False,qa_flagged
vcm_train_gap000208,True,
vcm_train_gap000210,True,
vcm_train_gap000212,True,
vcm_train_gap000214,True,
vcm_train_gap000216,False,qa_flagged
vcm_train_gap000218,True,
vcm_train_gap000220,True,
vcm_train_gap000222,True,
vcm_train_gap000224,False,qa_flagged
vcm_train_gap000226,False,qa_flagged
vcm_train_gap000228,False,qa_flagged
vcm_train_gap000230,True,
vcm_train_gap000232,False,qa_flagged
vcm_train_gap000234,False,qa_flagged
vcm_train_gap000236,False,qa_flagged
vcm_train_gap000238,False,qa_flagged
vcm_train_gap000240,False,qa_flagged
vcm_train_gap000242,True,
vcm_train_gap000244,False,qa_flagged
vcm_train_gap000246,True,
vcm_train_gap000248,False,qa_flagged
vcm_train_gap000250,False,qa_flagged
vcm_train_gap000252,True,
vcm_train_gap000254,True,
vcm_train_gap000256,True,
vcm_train_gap000258,True,
vcm_train_gap000260,False,qa_flagged
vcm_train_gap000262,True,
vcm_train_gap000264,False,qa_flagged
vcm_train_gap000266,True,
vcm_train_gap000268,False,qa_flagged
vcm_train_gap000270,False,qa_flagged
vcm_train_gap000272,False,qa_flagged
vcm_train_gap000274,False,qa_flagged
vcm_train_gap000276,True,
vcm_train_gap000278,True,
vcm_train_gap000280,False,qa_flagged
vcm_train_gap000282,False,qa_flagged
vcm_train_gap000284,False,qa_flagged
vcm_train_gap000286,False,qa_flagged
vcm_train_gap000288,False,qa_flagged
vcm_train_gap000290,False,qa_flagged
vcm_train_gap000292,True,
vcm_train_gap000294,False,qa_flagged
vcm_train_gap000296,False,qa_flagged
vcm_train_gap000298,False,qa_flagged
vcm_train_gap000300,False,qa_flagged
vcm_train_gap000302,True,
vcm_train_gap000304,False,qa_flagged
vcm_train_gap000306,False,qa_flagged
vcm_train_gap000308,False,qa_flagged
vcm_train_gap000310,True,
vcm_train_gap000312,True,
vcm_train_gap000314,False,qa_flagged
vcm_train_gap000316,False,qa_flagged
vcm_train_gap000318,False,qa_flagged
vcm_train_gap000320,True,
vcm_train_gap000322,True,
vcm_train_gap000324,False,qa_flagged
vcm_train_gap000326,False,qa_flagged
vcm_train_gap000328,False,qa_flagged
vcm_train_gap000330,False,qa_flagged
vcm_train_gap000332,False,qa_flagged
vcm_train_gap000334,True,
vcm_train_gap000336,True,
vcm_train_gap000338,True,
vcm_train_gap000340,True,
vcm_train_gap000342,True,
vcm_train_gap000344,True,
vcm_train_gap000346,True,
vcm_train_gap000348,True,
vcm_train_gap000350,True,
vcm_train_gap000352,True,
vcm_train_gap000354,False,qa_flagged
vcm_train_gap000356,True,
vcm_train_gap000358,True,
vcm_train_gap000360,True,
vcm_train_gap000362,True,
vcm_train_gap000364,True,
vcm_train_gap000366,True,
vcm_train_gap000368,True,
vcm_train_gap000370,True,
vcm_train_gap000372,True,
vcm_train_gap000374,True,
vcm_train_gap000376,True,
vcm_train_gap000378,True,
vcm_train_gap000380,True,
vcm_train_gap000382,True,
vcm_train_gap000384,True,
vcm_train_gap000386,False,qa_flagged
vcm_train_gap000388,True,
vcm_train_gap000390,True,
vcm_train_gap000392,True,
vcm_train_gap000394,True,
vcm_train_gap000396,True,
vcm_train_gap000398,False,qa_flagged
vcm_train_gap000400,True,
vcm_train_gap000402,True,
vcm_train_gap000404,True,
vcm_train_gap000406,True,
vcm_train_gap000408,False,qa_flagged
vcm_train_gap000410,True,
vcm_train_gap000412,True,
vcm_train_gap000414,True,
vcm_train_gap000416,True,
vcm_train_gap000418,True,
vcm_train_gap000420,False,qa_flagged
vcm_train_gap000422,True,
vcm_train_gap000424,True,
vcm_train_gap000426,True,
vcm_train_gap000428,False,qa_flagged
vcm_train_gap000430,False,qa_flagged
vcm_train_gap000432,False,qa_flagged
vcm_train_gap000434,False,qa_flagged
vcm_train_gap000436,False,qa_flagged
vcm_train_gap000438,True,
vcm_train_gap000440,True,
vcm_train_gap000442,True,
vcm_train_gap000444,False,qa_flagged
vcm_train_gap000446,True,
vcm_train_gap000448,True,
vcm_train_gap000450,False,qa_flagged
vcm_train_gap000452,True,
vcm_train_gap000454,False,qa_flagged
vcm_train_gap000456,True,
vcm_train_gap000458,True,
vcm_train_gap000460,True,
vcm_train_gap000462,True,
vcm_train_gap000464,False,qa_flagged
vcm_train_gap000466,True,
vcm_train_gap000468,False,qa_flagged
vcm_train_gap000470,True,
vcm_train_gap000472,True,
vcm_train_gap000474,True,
vcm_train_gap000476,True,
vcm_train_gap000478,True,
vcm_train_gap000480,True,
vcm_train_gap000482,True,
vcm_train_gap000484,False,qa_flagged
vcm_train_gap000486,False,qa_flagged
vcm_train_gap000488,False,qa_flagged
vcm_train_gap000490,True,
vcm_train_gap000492,True,
vcm_train_gap000494,True,
vcm_train_gap000496,False,qa_flagged
vcm_train_gap000498,True,
vcm_train_gap000500,True,
vcm_train_gap000502,False,qa_flagged
vcm_train_gap000504,True,
vcm_train_gap000506,False,qa_flagged
vcm_train_gap000508,True,
vcm_train_gap000510,True,
vcm_train_gap000512,True,
vcm_train_gap000514,True,
vcm_train_gap000516,True,
vcm_train_gap000518,True,
vcm_train_gap000520,True,
vcm_train_gap000522,True,
vcm_train_gap000524,True,
vcm_train_gap000526,True,
vcm_train_gap000528,True,
vcm_train_gap000530,True,
vcm_train_gap000532,True,
vcm_train_gap000534,True,
vcm_train_gap000536,True,
vcm_train_gap000538,True,
vcm_train_gap000540,True,
vcm_train_gap000542,True,
vcm_train_gap000544,True,
vcm_train_gap000546,True,
vcm_train_gap000548,True,
vcm_train_gap000550,True,
vcm_train_gap000552,True,
vcm_train_gap000554,True,
vcm_train_gap000556,True,
vcm_train_gap000558,True,
vcm_train_gap000560,True,
vcm_train_gap000562,True,
vcm_train_gap000564,True,
vcm_train_gap000566,True,
vcm_train_gap000568,True,
vcm_train_gap000570,True,
vcm_train_gap000572,True,
vcm_train_gap000574,True,
vcm_train_gap000576,True,
vcm_train_gap000578,True,
vcm_train_gap000580,True,
vcm_train_gap000582,True,
vcm_train_gap000584,True,
vcm_train_gap000586,False,qa_flagged
vcm_train_gap000588,True,
vcm_train_gap000590,True,
vcm_train_gap000592,True,
vcm_train_gap000594,True,
vcm_train_gap000596,True,
vcm_train_gap000598,True,
vcm_train_gap000600,True,
vcm_train_gap000602,True,
vcm_train_gap000604,True,
vcm_train_gap000606,True,
vcm_train_gap000608,True,
vcm_train_gap000610,True,
vcm_train_gap000612,True,
vcm_train_gap000614,True,
vcm_train_gap000616,True,
vcm_train_gap000618,True,
vcm_train_gap000620,True,
vcm_train_gap000622,True,
vcm_train_gap000624,False,qa_flagged
vcm_train_gap000626,True,
vcm_train_gap000628,True,
vcm_train_gap000630,True,
vcm_train_gap000632,True,
vcm_train_gap000634,True,
vcm_train_gap000636,True,
vcm_train_gap000638,True,
vcm_train_gap000640,True,
vcm_train_gap000642,True,
vcm_train_gap000644,True,
vcm_train_gap000646,True,
vcm_train_gap000648,True,
vcm_train_gap000650,True,
vcm_train_gap000652,True,
vcm_train_gap000654,True,
vcm_train_gap000656,True,
vcm_train_gap000658,True,
vcm_train_gap000660,True,
vcm_train_gap000662,True,
vcm_train_gap000664,True,
vcm_train_gap000666,True,
vcm_train_gap000668,True,
vcm_train_gap000670,True,
vcm_train_gap000672,True,
vcm_train_gap000674,True,
vcm_train_gap000676,True,
vcm_train_gap000678,True,
vcm_train_gap000680,True,
vcm_train_gap000682,True,
vcm_train_gap000684,True,
vcm_train_gap000686,True,
vcm_train_gap000688,True,
vcm_train_gap000690,True,
vcm_train_gap000692,True,
vcm_train_gap000694,True,
vcm_train_gap000696,True,
vcm_train_gap000698,True,
vcm_train_gap000700,True,
vcm_train_gap000702,True,
vcm_train_gap000704,True,
vcm_train_gap000706,True,
vcm_train_gap000708,True,
vcm_train_gap000710,True,
vcm_train_gap000712,True,
vcm_train_gap000714,True,
vcm_train_gap000716,True,
vcm_train_gap000718,True,
vcm_train_gap000720,True,
vcm_train_gap000722,True,
vcm_train_gap000724,True,
vcm_train_gap000726,True,
vcm_train_gap000728,True,
vcm_train_gap000730,True,
vcm_train_gap000732,True,
vcm_train_gap000734,True,
vcm_train_gap000736,True,
vcm_train_gap000738,True,
vcm_train_gap000740,True,
vcm_train_gap000742,True,
vcm_train_gap000744,True,
vcm_train_gap000746,True,
vcm_train_gap000748,True,
vcm_train_gap000750,True,
vcm_train_gap000752,True,
vcm_train_gap000754,True,
vcm_train_gap000756,True,
vcm_train_gap000758,False,qa_flagged
vcm_train_gap000760,True,
vcm_train_gap000762,False,qa_flagged
vcm_train_gap000764,True,
vcm_train_gap000766,True,
vcm_train_gap000768,True,
vcm_train_gap000770,False,qa_flagged
vcm_train_gap000772,False,qa_flagged
vcm_train_gap000774,True,
vcm_train_gap000776,True,
vcm_train_gap000778,False,qa_flagged
vcm_train_gap000780,False,qa_flagged
vcm_train_gap000782,True,
vcm_train_gap000784,False,qa_flagged
vcm_train_gap000786,False,qa_flagged
vcm_train_gap000788,True,
vcm_train_gap000790,True,
vcm_train_gap000792,False,qa_flagged
vcm_train_gap000794,False,qa_flagged
vcm_train_gap000796,True,
vcm_train_gap000798,True,
vcm_train_gap000800,True,
vcm_train_gap000802,True,
vcm_train_gap000804,True,
vcm_train_gap000806,False,qa_flagged
vcm_train_gap000808,True,
vcm_train_gap000810,True,
vcm_train_gap000812,True,
vcm_train_gap000814,True,
vcm_train_gap000816,True,
vcm_train_gap000818,False,qa_flagged
vcm_train_gap000820,True,
vcm_train_gap000822,True,
vcm_train_gap000824,True,
vcm_train_gap000826,True,
vcm_train_gap000828,False,qa_flagged
vcm_train_gap000830,True,
vcm_train_gap000832,True,
vcm_train_gap000834,True,
vcm_train_gap000836,True,
vcm_train_gap000838,True,
vcm_train_gap000840,False,qa_flagged
vcm_train_gap000842,False,qa_flagged
vcm_train_gap000844,True,
vcm_train_gap000846,True,
vcm_train_gap000848,True,
vcm_train_gap000850,True,
vcm_train_gap000852,True,
vcm_train_gap000854,True,
vcm_train_gap000856,True,
vcm_train_gap000858,True,
vcm_train_gap000860,True,
vcm_train_gap000862,True,
vcm_train_gap000864,True,
vcm_train_gap000866,True,
vcm_train_gap000868,True,
vcm_train_gap000870,True,
vcm_train_gap000872,True,
vcm_train_gap000874,False,qa_flagged
vcm_train_gap000876,True,
vcm_train_gap000878,True,
vcm_train_gap000880,True,
vcm_train_gap000882,True,
vcm_train_gap000884,True,
vcm_train_gap000886,True,
vcm_train_gap000888,False,qa_flagged
vcm_train_gap000890,True,
vcm_train_gap000892,True,
vcm_train_gap000894,False,qa_flagged
vcm_train_gap000896,True,
vcm_train_gap000898,True,
vcm_train_gap000900,True,
vcm_train_gap000902,True,
vcm_train_gap000904,True,
vcm_train_gap000906,True,
vcm_train_gap000908,True,
vcm_train_gap000910,True,
vcm_train_gap000912,True,
vcm_train_gap000914,True,
vcm_train_gap000916,True,
vcm_train_gap000918,True,
vcm_train_gap000920,True,
vcm_train_gap000922,True,
vcm_train_gap000924,True,
vcm_train_gap000926,True,
vcm_train_gap000928,True,
vcm_train_gap000930,True,
vcm_train_gap000932,True,
vcm_train_gap000934,True,
vcm_train_gap000936,True,
vcm_train_gap000938,True,
vcm_train_gap000940,True,
vcm_train_gap000942,True,
vcm_train_gap000944,True,
vcm_train_gap000946,True,
vcm_train_gap000948,True,
vcm_train_gap000950,True,
vcm_train_gap000952,True,
vcm_train_gap000954,True,
vcm_train_gap000956,True,
vcm_train_gap000958,True,
vcm_train_gap000960,False,qa_flagged
vcm_train_gap000962,True,
vcm_train_gap000964,True,
vcm_train_gap000966,True,
vcm_train_gap000968,True,
vcm_train_gap000970,True,
vcm_train_gap000972,True,
vcm_train_gap000974,False,qa_flagged
vcm_train_gap000976,True,
vcm_train_gap000978,True,
vcm_train_gap000980,True,
vcm_train_gap000982,True,
vcm_train_gap000984,True,
vcm_train_gap000986,True,
vcm_train_gap000988,True,
vcm_train_gap000990,True,
vcm_train_gap000992,True,
vcm_train_gap000994,True,
vcm_train_gap000996,True,
vcm_train_gap000998,False,qa_flagged
vcm_train_gap001000,True,
vcm_train_gap001002,True,
vcm_train_gap001004,True,
vcm_train_gap001006,True,
vcm_train_gap001008,True,
vcm_train_gap001010,True,
vcm_train_gap001012,True,
vcm_train_gap001014,True,
vcm_train_gap001016,True,
vcm_train_gap001018,True,
vcm_train_gap001020,True,
vcm_train_gap001022,False,qa_flagged
vcm_train_gap001024,False,qa_flagged
vcm_train_gap001026,False,qa_flagged
vcm_train_gap001028,False,qa_flagged
vcm_train_gap001030,False,qa_flagged
vcm_train_gap001032,False,qa_flagged
vcm_train_gap001034,False,qa_flagged
vcm_train_gap001036,False,qa_flagged
vcm_train_gap001038,False,qa_flagged
vcm_train_gap001040,False,qa_flagged
vcm_train_gap001042,False,qa_flagged
vcm_train_gap001044,False,qa_flagged
vcm_train_gap001046,False,qa_flagged
vcm_train_gap001048,False,qa_flagged
vcm_train_gap001050,False,qa_flagged
vcm_train_gap001052,False,qa_flagged
vcm_train_gap001054,False,qa_flagged
vcm_train_gap001056,False,qa_flagged
vcm_train_gap001058,False,qa_flagged
vcm_train_gap001060,False,qa_flagged
vcm_train_gap001062,False,qa_flagged
vcm_train_gap001064,False,qa_flagged
vcm_train_gap001066,False,qa_flagged
vcm_train_gap001068,True,
vcm_train_gap001070,False,qa_flagged
vcm_train_gap001072,False,qa_flagged
vcm_train_gap001074,False,qa_flagged
vcm_train_gap001076,False,qa_flagged
vcm_train_gap001078,False,qa_flagged
vcm_train_gap001080,False,qa_flagged
vcm_train_gap001082,False,qa_flagged
vcm_train_gap001084,False,qa_flagged
vcm_train_gap001086,False,qa_flagged
vcm_train_gap001088,False,qa_flagged
vcm_train_gap001090,False,qa_flagged
vcm_train_gap001092,False,qa_flagged
vcm_train_gap001094,False,qa_flagged
vcm_train_gap001096,False,qa_flagged
vcm_train_gap001098,False,qa_flagged
vcm_train_gap001100,False,qa_flagged
vcm_train_gap001102,False,qa_flagged
vcm_train_gap001104,False,qa_flagged
vcm_train_gap001106,False,qa_flagged
vcm_train_gap001108,False,qa_flagged
vcm_train_gap001110,False,qa_flagged
vcm_train_gap001112,False,qa_flagged
vcm_train_gap001114,False,qa_flagged
vcm_train_gap001116,False,qa_flagged
vcm_train_gap001118,False,qa_flagged
vcm_train_gap001120,False,qa_flagged
vcm_train_gap001122,False,qa_flagged
vcm_train_gap001124,False,qa_flagged
vcm_train_gap001126,False,qa_flagged
vcm_train_gap001128,False,qa_flagged
vcm_train_gap001130,False,qa_flagged
vcm_train_gap001132,False,qa_flagged
vcm_train_gap001134,False,qa_flagged
vcm_train_gap001136,False,qa_flagged
vcm_train_gap001138,False,qa_flagged
vcm_train_gap001140,False,qa_flagged
vcm_train_gap001142,False,qa_flagged
vcm_train_gap001144,False,qa_flagged
vcm_train_gap001146,False,qa_flagged
vcm_train_gap001148,False,qa_flagged
vcm_train_gap001150,False,qa_flagged
vcm_train_gap001152,False,qa_flagged
vcm_train_gap001154,False,qa_flagged
vcm_train_gap001156,False,qa_flagged
vcm_train_gap001158,False,qa_flagged
vcm_train_gap001160,False,qa_flagged
vcm_train_gap001162,False,qa_flagged
vcm_train_gap001164,False,qa_flagged
vcm_train_gap001166,False,qa_flagged
vcm_train_gap001168,False,qa_flagged
vcm_train_gap001170,False,qa_flagged
vcm_train_gap001172,False,qa_flagged
vcm_train_gap001174,False,qa_flagged
vcm_train_gap001176,False,qa_flagged
vcm_train_gap001178,False,qa_flagged
vcm_train_gap001180,False,qa_flagged
vcm_train_gap001182,False,qa_flagged
vcm_train_gap001184,False,qa_flagged
vcm_train_gap001186,False,qa_flagged
vcm_train_gap001188,False,qa_flagged
vcm_train_gap001190,False,qa_flagged
vcm_train_gap001192,False,qa_flagged
vcm_train_gap001194,False,qa_flagged
vcm_train_gap001196,False,qa_flagged
vcm_train_gap001198,False,qa_flagged
vcm_train_gap001200,False,qa_flagged
vcm_train_gap001202,False,qa_flagged
vcm_train_gap001204,False,qa_flagged
vcm_train_gap001206,False,qa_flagged
vcm_train_gap001208,False,qa_flagged
vcm_train_gap001210,False,qa_flagged
vcm_train_gap001212,False,qa_flagged
vcm_train_gap001214,False,qa_flagged
vcm_train_gap001216,False,qa_flagged
vcm_train_gap001218,False,qa_flagged
vcm_train_gap001220,False,qa_flagged
vcm_train_gap001222,False,qa_flagged
vcm_train_gap001224,False,qa_flagged
vcm_train_gap001226,False,qa_flagged
vcm_train_gap001228,False,qa_flagged
vcm_train_gap001230,False,qa_flagged
vcm_train_gap001232,False,qa_flagged
vcm_train_gap001234,False,qa_flagged
vcm_train_gap001236,False,qa_flagged
vcm_train_gap001238,False,qa_flagged
vcm_train_gap001240,False,qa_flagged
vcm_train_gap001242,False,qa_flagged
vcm_train_gap001244,False,qa_flagged
vcm_train_gap001246,False,qa_flagged
vcm_train_gap001248,False,qa_flagged
vcm_train_gap001250,False,qa_flagged
vcm_train_gap001252,False,qa_flagged
vcm_train_gap001254,False,qa_flagged
vcm_train_gap001256,False,qa_flagged
vcm_train_gap001258,False,qa_flagged
vcm_train_gap001260,False,qa_flagged
vcm_train_gap001262,False,qa_flagged
vcm_train_gap001264,False,qa_flagged
vcm_train_gap001266,False,qa_flagged
vcm_train_gap001268,False,qa_flagged
vcm_train_gap001270,False,qa_flagged
vcm_train_gap001272,False,qa_flagged
vcm_train_gap001274,False,qa_flagged
vcm_train_gap001276,False,qa_flagged
vcm_train_gap001278,False,qa_flagged
vcm_train_gap001280,False,qa_flagged
vcm_train_gap001282,False,qa_flagged
vcm_train_gap001284,False,qa_flagged
vcm_train_gap001286,False,qa_flagged
vcm_train_gap001288,False,qa_flagged
vcm_train_gap001290,False,qa_flagged
vcm_train_gap001292,False,qa_flagged
vcm_train_gap001294,False,qa_flagged
vcm_train_gap001296,False,qa_flagged
vcm_train_gap001298,False,qa_flagged
vcm_train_gap001300,False,qa_flagged
vcm_train_gap001302,False,qa_flagged
vcm_train_gap001304,False,qa_flagged
vcm_train_gap001306,False,qa_flagged
vcm_train_gap001308,True,
vcm_train_gap001310,False,qa_flagged
vcm_train_gap001312,False,qa_flagged
vcm_train_gap001314,False,qa_flagged
vcm_train_gap001316,False,qa_flagged
vcm_train_gap001318,False,qa_flagged
vcm_train_gap001320,False,qa_flagged
vcm_train_gap001322,False,qa_flagged
vcm_train_gap001324,False,qa_flagged
vcm_train_gap001326,False,qa_flagged
vcm_train_gap001328,False,qa_flagged
vcm_train_gap001330,False,qa_flagged
vcm_train_gap001332,False,qa_flagged
vcm_train_gap001334,False,qa_flagged
vcm_train_gap001336,False,qa_flagged
vcm_train_gap001338,False,qa_flagged
vcm_train_gap001340,False,qa_flagged
vcm_train_gap001342,False,qa_flagged
vcm_train_gap001344,False,qa_flagged
vcm_train_gap001346,False,qa_flagged
vcm_train_gap001348,False,qa_flagged
vcm_train_gap001350,False,qa_flagged
vcm_train_gap001352,False,qa_flagged
vcm_train_gap001354,False,qa_flagged
vcm_train_gap001356,False,qa_flagged
vcm_train_gap001358,False,qa_flagged
vcm_train_gap001360,False,qa_flagged
vcm_train_gap001362,False,qa_flagged
vcm_train_gap001364,True,
vcm_train_gap001366,True,
vcm_train_gap001368,True,
vcm_train_gap001370,True,
vcm_train_gap001372,True,
vcm_train_gap001374,True,
vcm_train_gap001376,True,
vcm_train_gap001378,True,
vcm_train_gap001380,False,qa_flagged
vcm_train_gap001382,True,
vcm_train_gap001384,True,
vcm_train_gap001386,True,
vcm_train_gap001388,True,
vcm_train_gap001390,True,
vcm_train_gap001392,True,
vcm_train_gap001394,True,
vcm_train_gap001396,False,qa_flagged
vcm_train_gap001398,True,
vcm_train_gap001400,True,
vcm_train_gap001402,True,
vcm_train_gap001404,True,
vcm_train_gap001406,False,qa_flagged
vcm_train_gap001408,True,
vcm_train_gap001410,True,
vcm_train_gap001412,True,
vcm_train_gap001414,True,
vcm_train_gap001416,True,
vcm_train_gap001418,False,qa_flagged
vcm_train_gap001420,True,
vcm_train_gap001422,False,qa_flagged
vcm_train_gap001424,False,qa_flagged
vcm_train_gap001426,True,
vcm_train_gap001428,True,
vcm_train_gap001430,True,
vcm_train_gap001432,True,
vcm_train_gap001434,True,
vcm_train_gap001436,True,
vcm_train_gap001438,True,
vcm_train_gap001440,True,
vcm_train_gap001442,True,
vcm_train_gap001444,True,
vcm_train_gap001446,True,
vcm_train_gap001448,True,
vcm_train_gap001450,True,
vcm_train_gap001452,True,
vcm_train_gap001454,True,
vcm_train_gap001456,True,
vcm_train_gap001458,True,
vcm_train_gap001460,True,
vcm_train_gap001462,True,
vcm_train_gap001464,True,
vcm_train_gap001466,True,
vcm_train_gap001468,True,
vcm_train_gap001470,True,
vcm_train_gap001472,True,
vcm_train_gap001474,False,qa_flagged
vcm_train_gap001476,True,
vcm_train_gap001478,True,
vcm_train_gap001480,True,
vcm_train_gap001482,True,
vcm_train_gap001484,True,
vcm_train_gap001486,True,
vcm_train_gap001488,True,
vcm_train_gap001490,True,
vcm_train_gap001492,True,
vcm_train_gap001494,True,
vcm_train_gap001496,True,
vcm_train_gap001498,True,
vcm_train_gap001500,True,
vcm_train_gap001502,True,
vcm_train_gap001504,True,
vcm_train_gap001506,True,
vcm_train_gap001508,True,
vcm_train_gap001510,True,
vcm_train_gap001512,True,
vcm_train_gap001514,True,
vcm_train_gap001516,True,
vcm_train_gap001518,False,qa_flagged
vcm_train_gap001520,False,qa_flagged
vcm_train_gap001522,True,
vcm_train_gap001524,False,qa_flagged
vcm_train_gap001526,True,
vcm_train_gap001528,True,
vcm_train_gap001530,False,qa_flagged
vcm_train_gap001532,False,qa_flagged
vcm_train_gap001534,False,qa_flagged
vcm_train_gap001536,False,qa_flagged
vcm_train_gap001538,False,qa_flagged
vcm_train_gap001540,False,qa_flagged
vcm_train_gap001542,True,
vcm_train_gap001544,False,qa_flagged
vcm_train_gap001546,False,qa_flagged
vcm_train_gap001548,False,qa_flagged
vcm_train_gap001550,False,qa_flagged
vcm_train_gap001552,False,qa_flagged
vcm_train_gap001554,False,qa_flagged
vcm_train_gap001556,False,qa_flagged
vcm_train_gap001558,True,
vcm_train_gap001560,False,qa_flagged
vcm_train_gap001562,False,qa_flagged
vcm_train_gap001564,False,qa_flagged
vcm_train_gap001566,False,qa_flagged
vcm_train_gap001568,True,
vcm_train_gap001570,True,
vcm_train_gap001572,False,qa_flagged
vcm_train_gap001574,True,
vcm_train_gap001576,True,
vcm_train_gap001578,False,qa_flagged
vcm_train_gap001580,False,qa_flagged
vcm_train_gap001582,True,
vcm_train_gap001584,True,
vcm_train_gap001586,True,
vcm_train_gap001588,True,
vcm_train_gap001590,False,qa_flagged
vcm_train_gap001592,False,qa_flagged
vcm_train_gap001594,False,qa_flagged
vcm_train_gap001596,False,qa_flagged
vcm_train_gap001598,False,qa_flagged
vcm_train_gap001600,False,qa_flagged
vcm_train_gap001602,False,qa_flagged
vcm_train_gap001604,False,qa_flagged
vcm_train_gap001606,False,qa_flagged
vcm_train_gap001608,False,qa_flagged
vcm_train_gap001610,False,qa_flagged
vcm_train_gap001612,False,qa_flagged
vcm_train_gap001614,False,qa_flagged
vcm_train_gap001616,False,qa_flagged
vcm_train_gap001618,False,qa_flagged
vcm_train_gap001620,True,
vcm_train_gap001622,True,
vcm_train_gap001624,False,qa_flagged
vcm_train_gap001626,False,qa_flagged
vcm_train_gap001628,False,qa_flagged
vcm_train_gap001630,False,qa_flagged
vcm_train_gap001632,False,qa_flagged
vcm_train_gap001634,False,qa_flagged
vcm_train_gap001636,False,qa_flagged
vcm_train_gap001638,False,qa_flagged
vcm_train_gap001640,False,qa_flagged
vcm_train_gap001642,True,
vcm_train_gap001644,False,qa_flagged
vcm_train_gap001646,False,qa_flagged
vcm_train_gap001648,False,qa_flagged
vcm_train_gap001650,False,qa_flagged
vcm_train_gap001652,False,qa_flagged
vcm_train_gap001654,False,qa_flagged
vcm_train_gap001656,False,qa_flagged
vcm_train_gap001658,False,qa_flagged
vcm_train_gap001660,False,qa_flagged
vcm_train_gap001662,False,qa_flagged
vcm_train_gap001664,True,
vcm_train_gap001666,False,qa_flagged
vcm_train_gap001668,False,qa_flagged
vcm_train_gap001670,False,qa_flagged
vcm_train_gap001672,False,qa_flagged
vcm_train_gap001674,False,qa_flagged
vcm_train_gap001676,False,qa_flagged
vcm_train_gap001678,False,qa_flagged
vcm_train_gap001680,True,
vcm_train_gap001682,False,qa_flagged
vcm_train_gap001684,False,qa_flagged
vcm_train_gap001686,False,qa_flagged
vcm_train_gap001688,False,qa_flagged
vcm_train_gap001690,False,qa_flagged
vcm_train_gap001692,False,qa_flagged
vcm_train_gap001694,False,qa_flagged
vcm_train_gap001696,False,qa_flagged
vcm_train_gap001698,True,
vcm_train_gap001700,False,qa_flagged
vcm_train_gap001702,False,qa_flagged
vcm_train_gap001704,False,qa_flagged
vcm_train_gap001706,False,qa_flagged
vcm_train_gap001708,False,qa_flagged
vcm_train_gap001710,False,qa_flagged
vcm_train_gap001712,False,qa_flagged
vcm_train_gap001714,False,qa_flagged
vcm_train_gap001716,False,qa_flagged
vcm_train_gap001718,True,
vcm_train_gap001720,False,qa_flagged
vcm_train_gap001722,False,qa_flagged
vcm_train_gap001724,False,qa_flagged
vcm_train_gap001726,False,qa_flagged
vcm_train_gap001728,False,qa_flagged
vcm_train_gap001730,False,qa_flagged
vcm_train_gap001732,False,qa_flagged
vcm_train_gap001734,False,qa_flagged
vcm_train_gap001736,False,qa_flagged
vcm_train_gap001738,False,qa_flagged
vcm_train_gap001740,True,
vcm_train_gap001742,False,qa_flagged
vcm_train_gap001744,False,qa_flagged
vcm_train_gap001746,False,qa_flagged
vcm_train_gap001748,False,qa_flagged
vcm_train_gap001750,False,qa_flagged
vcm_train_gap001752,True,
vcm_train_gap001754,False,qa_flagged
vcm_train_gap001756,False,qa_flagged
vcm_train_gap001758,False,qa_flagged
vcm_train_gap001760,False,qa_flagged
vcm_train_gap001762,False,qa_flagged
vcm_train_gap001764,False,qa_flagged
vcm_train_gap001766,False,qa_flagged
vcm_train_gap001768,True,
vcm_train_gap001770,True,
vcm_train_gap001772,False,qa_flagged
vcm_train_gap001774,False,qa_flagged
vcm_train_gap001776,False,qa_flagged
vcm_train_gap001778,False,qa_flagged
vcm_train_gap001780,False,qa_flagged
vcm_train_gap001782,True,
vcm_train_gap001784,False,qa_flagged
vcm_train_gap001786,False,qa_flagged
vcm_train_gap001788,False,qa_flagged
vcm_train_gap001790,False,qa_flagged
vcm_train_gap001792,False,qa_flagged
vcm_train_gap001794,False,qa_flagged
vcm_train_gap001796,True,
vcm_train_gap001798,False,qa_flagged
vcm_train_gap001800,False,qa_flagged
vcm_train_gap001802,True,
vcm_train_gap001804,True,
vcm_train_gap001806,False,qa_flagged
vcm_train_gap001808,True,
vcm_train_gap001810,True,
vcm_train_gap001812,False,qa_flagged
vcm_train_gap001814,False,qa_flagged
vcm_train_gap001816,True,
vcm_train_gap001818,True,
vcm_train_gap001820,True,
vcm_train_gap001822,True,
vcm_train_gap001824,True,
vcm_train_gap001826,True,
vcm_train_gap001828,True,
vcm_train_gap001830,True,
vcm_train_gap001832,True,
vcm_train_gap001834,True,
vcm_train_gap001836,True,
vcm_train_gap001838,True,
vcm_train_gap001840,True,
vcm_train_gap001842,True,
vcm_train_gap001844,True,
vcm_train_gap001846,True,
vcm_train_gap001848,True,
vcm_train_gap000001,True,
vcm_train_gap000003,True,
vcm_train_gap000005,True,
vcm_train_gap000007,True,
vcm_train_gap000009,True,
vcm_train_gap000011,True,
vcm_train_gap000013,True,
vcm_train_gap000015,True,
vcm_train_gap000017,True,
vcm_train_gap000019,True,
vcm_train_gap000021,True,
vcm_train_gap000023,True,
vcm_train_gap000025,True,
vcm_train_gap000027,True,
vcm_train_gap000029,False,qa_flagged
vcm_train_gap000031,True,
vcm_train_gap000033,True,
vcm_train_gap000035,True,
vcm_train_gap000037,True,
vcm_train_gap000039,True,
vcm_train_gap000041,True,
vcm_train_gap000043,True,
vcm_train_gap000045,True,
vcm_train_gap000047,True,
vcm_train_gap000049,True,
vcm_train_gap000051,False,qa_flagged
vcm_train_gap000053,True,
vcm_train_gap000055,True,
vcm_train_gap000057,True,
vcm_train_gap000059,True,
vcm_train_gap000061,True,
vcm_train_gap000063,False,qa_flagged
vcm_train_gap000065,True,
vcm_train_gap000067,True,
vcm_train_gap000069,True,
vcm_train_gap000071,True,
vcm_train_gap000073,True,
vcm_train_gap000075,True,
vcm_train_gap000077,True,
vcm_train_gap000079,True,
vcm_train_gap000081,True,
vcm_train_gap000083,True,
vcm_train_gap000085,True,
vcm_train_gap000087,False,qa_flagged
vcm_train_gap000089,True,
vcm_train_gap000091,True,
vcm_train_gap000093,True,
vcm_train_gap000095,True,
vcm_train_gap000097,False,qa_flagged
vcm_train_gap000099,True,
vcm_train_gap000101,True,
vcm_train_gap000103,True,
vcm_train_gap000105,True,
vcm_train_gap000107,True,
vcm_train_gap000109,False,qa_flagged
vcm_train_gap000111,False,qa_flagged
vcm_train_gap000113,True,
vcm_train_gap000115,True,
vcm_train_gap000117,True,
vcm_train_gap000119,True,
vcm_train_gap000121,True,
vcm_train_gap000123,True,
vcm_train_gap000125,True,
vcm_train_gap000127,True,
vcm_train_gap000129,True,
vcm_train_gap000131,False,qa_flagged
vcm_train_gap000133,True,
vcm_train_gap000135,True,
vcm_train_gap000137,True,
vcm_train_gap000139,True,
vcm_train_gap000141,True,
vcm_train_gap000143,True,
vcm_train_gap000145,True,
vcm_train_gap000147,True,
vcm_train_gap000149,True,
vcm_train_gap000151,False,qa_flagged
vcm_train_gap000153,True,
vcm_train_gap000155,True,
vcm_train_gap000157,True,
vcm_train_gap000159,False,qa_flagged
vcm_train_gap000161,False,qa_flagged
vcm_train_gap000163,True,
vcm_train_gap000165,False,qa_flagged
vcm_train_gap000167,False,qa_flagged
vcm_train_gap000169,True,
vcm_train_gap000171,False,qa_flagged
vcm_train_gap000173,True,
vcm_train_gap000175,True,
vcm_train_gap000177,True,
vcm_train_gap000179,False,qa_flagged
vcm_train_gap000181,True,
vcm_train_gap000183,True,
vcm_train_gap000185,False,qa_flagged
vcm_train_gap000187,True,
vcm_train_gap000189,False,qa_flagged
vcm_train_gap000191,True,
vcm_train_gap000193,True,
vcm_train_gap000195,True,
vcm_train_gap000197,True,
vcm_train_gap000199,False,qa_flagged
vcm_train_gap000201,False,qa_flagged
vcm_train_gap000203,True,
vcm_train_gap000205,False,qa_flagged
vcm_train_gap000207,False,qa_flagged
vcm_train_gap000209,False,qa_flagged
vcm_train_gap000211,False,qa_flagged
vcm_train_gap000213,False,qa_flagged
vcm_train_gap000215,True,
vcm_train_gap000217,True,
vcm_train_gap000219,True,
vcm_train_gap000221,True,
vcm_train_gap000223,False,qa_flagged
vcm_train_gap000225,True,
vcm_train_gap000227,True,
vcm_train_gap000229,True,
vcm_train_gap000231,False,qa_flagged
vcm_train_gap000233,False,qa_flagged
vcm_train_gap000235,False,qa_flagged
vcm_train_gap000237,False,qa_flagged
vcm_train_gap000239,False,qa_flagged
vcm_train_gap000241,False,qa_flagged
vcm_train_gap000243,False,qa_flagged
vcm_train_gap000245,True,
vcm_train_gap000247,False,qa_flagged
vcm_train_gap000249,True,
vcm_train_gap000251,False,qa_flagged
vcm_train_gap000253,False,qa_flagged
vcm_train_gap000255,False,qa_flagged
vcm_train_gap000257,False,qa_flagged
vcm_train_gap000259,True,
vcm_train_gap000261,False,qa_flagged
vcm_train_gap000263,False,qa_flagged
vcm_train_gap000265,False,qa_flagged
vcm_train_gap000267,False,qa_flagged
vcm_train_gap000269,False,qa_flagged
vcm_train_gap000271,False,qa_flagged
vcm_train_gap000273,True,
vcm_train_gap000275,True,
vcm_train_gap000277,False,qa_flagged
vcm_train_gap000279,False,qa_flagged
vcm_train_gap000281,False,qa_flagged
vcm_train_gap000283,False,qa_flagged
vcm_train_gap000285,False,qa_flagged
vcm_train_gap000287,False,qa_flagged
vcm_train_gap000289,False,qa_flagged
vcm_train_gap000291,False,qa_flagged
vcm_train_gap000293,True,
vcm_train_gap000295,True,
vcm_train_gap000297,True,
vcm_train_gap000299,False,qa_flagged
vcm_train_gap000301,False,qa_flagged
vcm_train_gap000303,False,qa_flagged
vcm_train_gap000305,False,qa_flagged
vcm_train_gap000307,True,
vcm_train_gap000309,True,
vcm_train_gap000311,False,qa_flagged
vcm_train_gap000313,True,
vcm_train_gap000315,False,qa_flagged
vcm_train_gap000317,True,
vcm_train_gap000319,False,qa_flagged
vcm_train_gap000321,True,
vcm_train_gap000323,False,qa_flagged
vcm_train_gap000325,False,qa_flagged
vcm_train_gap000327,True,
vcm_train_gap000329,False,qa_flagged
vcm_train_gap000331,True,
vcm_train_gap000333,False,qa_flagged
vcm_train_gap000335,True,
vcm_train_gap000337,True,
vcm_train_gap000339,True,
vcm_train_gap000341,True,
vcm_train_gap000343,True,
vcm_train_gap000345,True,
vcm_train_gap000347,True,
vcm_train_gap000349,False,qa_flagged
vcm_train_gap000351,True,
vcm_train_gap000353,True,
vcm_train_gap000355,True,
vcm_train_gap000357,True,
vcm_train_gap000359,True,
vcm_train_gap000361,True,
vcm_train_gap000363,True,
vcm_train_gap000365,True,
vcm_train_gap000367,True,
vcm_train_gap000369,False,qa_flagged
vcm_train_gap000371,True,
vcm_train_gap000373,True,
vcm_train_gap000375,True,
vcm_train_gap000377,False,qa_flagged
vcm_train_gap000379,True,
vcm_train_gap000381,True,
vcm_train_gap000383,False,qa_flagged
vcm_train_gap000385,True,
vcm_train_gap000387,False,qa_flagged
vcm_train_gap000389,False,qa_flagged
vcm_train_gap000391,False,qa_flagged
vcm_train_gap000393,True,
vcm_train_gap000395,True,
vcm_train_gap000397,True,
vcm_train_gap000399,True,
vcm_train_gap000401,False,qa_flagged
vcm_train_gap000403,False,qa_flagged
vcm_train_gap000405,True,
vcm_train_gap000407,True,
vcm_train_gap000409,True,
vcm_train_gap000411,True,
vcm_train_gap000413,True,
vcm_train_gap000415,True,
vcm_train_gap000417,True,
vcm_train_gap000419,True,
vcm_train_gap000421,True,
vcm_train_gap000423,True,
vcm_train_gap000425,False,qa_flagged
vcm_train_gap000427,True,
vcm_train_gap000429,True,
vcm_train_gap000431,True,
vcm_train_gap000433,False,qa_flagged
vcm_train_gap000435,False,qa_flagged
vcm_train_gap000437,False,qa_flagged
vcm_train_gap000439,True,
vcm_train_gap000441,False,qa_flagged
vcm_train_gap000443,True,
vcm_train_gap000445,False,qa_flagged
vcm_train_gap000447,False,qa_flagged
vcm_train_gap000449,True,
vcm_train_gap000451,True,
vcm_train_gap000453,True,
vcm_train_gap000455,True,
vcm_train_gap000457,True,
vcm_train_gap000459,True,
vcm_train_gap000461,True,
vcm_train_gap000463,True,
vcm_train_gap000465,False,qa_flagged
vcm_train_gap000467,False,qa_flagged
vcm_train_gap000469,True,
vcm_train_gap000471,False,qa_flagged
vcm_train_gap000473,False,qa_flagged
vcm_train_gap000475,True,
vcm_train_gap000477,True,
vcm_train_gap000479,True,
vcm_train_gap000481,False,qa_flagged
vcm_train_gap000483,False,qa_flagged
vcm_train_gap000485,False,qa_flagged
vcm_train_gap000487,False,qa_flagged
vcm_train_gap000489,True,
vcm_train_gap000491,True,
vcm_train_gap000493,True,
vcm_train_gap000495,True,
vcm_train_gap000497,False,qa_flagged
vcm_train_gap000499,True,
vcm_train_gap000501,True,
vcm_train_gap000503,True,
vcm_train_gap000505,False,qa_flagged
vcm_train_gap000507,True,
vcm_train_gap000509,True,
vcm_train_gap000511,True,
vcm_train_gap000513,True,
vcm_train_gap000515,True,
vcm_train_gap000517,False,qa_flagged
vcm_train_gap000519,True,
vcm_train_gap000521,True,
vcm_train_gap000523,True,
vcm_train_gap000525,True,
vcm_train_gap000527,True,
vcm_train_gap000529,True,
vcm_train_gap000531,True,
vcm_train_gap000533,True,
vcm_train_gap000535,True,
vcm_train_gap000537,True,
vcm_train_gap000539,True,
vcm_train_gap000541,True,
vcm_train_gap000543,True,
vcm_train_gap000545,True,
vcm_train_gap000547,True,
vcm_train_gap000549,True,
vcm_train_gap000551,True,
vcm_train_gap000553,True,
vcm_train_gap000555,True,
vcm_train_gap000557,True,
vcm_train_gap000559,True,
vcm_train_gap000561,True,
vcm_train_gap000563,True,
vcm_train_gap000565,True,
vcm_train_gap000567,True,
vcm_train_gap000569,True,
vcm_train_gap000571,True,
vcm_train_gap000573,True,
vcm_train_gap000575,True,
vcm_train_gap000577,True,
vcm_train_gap000579,True,
vcm_train_gap000581,True,
vcm_train_gap000583,True,
vcm_train_gap000585,True,
vcm_train_gap000587,True,
vcm_train_gap000589,True,
vcm_train_gap000591,True,
vcm_train_gap000593,True,
vcm_train_gap000595,True,
vcm_train_gap000597,True,
vcm_train_gap000599,True,
vcm_train_gap000601,True,
vcm_train_gap000603,True,
vcm_train_gap000605,True,
vcm_train_gap000607,True,
vcm_train_gap000609,True,
vcm_train_gap000611,True,
vcm_train_gap000613,True,
vcm_train_gap000615,True,
vcm_train_gap000617,True,
vcm_train_gap000619,True,
vcm_train_gap000621,True,
vcm_train_gap000623,True,
vcm_train_gap000625,True,
vcm_train_gap000627,True,
vcm_train_gap000629,True,
vcm_train_gap000631,True,
vcm_train_gap000633,True,
vcm_train_gap000635,True,
vcm_train_gap000637,True,
vcm_train_gap000639,True,
vcm_train_gap000641,False,qa_flagged
vcm_train_gap000643,True,
vcm_train_gap000645,True,
vcm_train_gap000647,True,
vcm_train_gap000649,True,
vcm_train_gap000651,True,
vcm_train_gap000653,True,
vcm_train_gap000655,True,
vcm_train_gap000657,True,
vcm_train_gap000659,True,
vcm_train_gap000661,True,
vcm_train_gap000663,True,
vcm_train_gap000665,True,
vcm_train_gap000667,True,
vcm_train_gap000669,True,
vcm_train_gap000671,True,
vcm_train_gap000673,True,
vcm_train_gap000675,True,
vcm_train_gap000677,True,
vcm_train_gap000679,True,
vcm_train_gap000681,True,
vcm_train_gap000683,True,
vcm_train_gap000685,True,
vcm_train_gap000687,True,
vcm_train_gap000689,True,
vcm_train_gap000691,True,
vcm_train_gap000693,True,
vcm_train_gap000695,True,
vcm_train_gap000697,True,
vcm_train_gap000699,True,
vcm_train_gap000701,True,
vcm_train_gap000703,True,
vcm_train_gap000705,True,
vcm_train_gap000707,True,
vcm_train_gap000709,False,qa_flagged
vcm_train_gap000711,True,
vcm_train_gap000713,True,
vcm_train_gap000715,True,
vcm_train_gap000717,True,
vcm_train_gap000719,True,
vcm_train_gap000721,True,
vcm_train_gap000723,True,
vcm_train_gap000725,True,
vcm_train_gap000727,True,
vcm_train_gap000729,True,
vcm_train_gap000731,True,
vcm_train_gap000733,True,
vcm_train_gap000735,True,
vcm_train_gap000737,True,
vcm_train_gap000739,True,
vcm_train_gap000741,True,
vcm_train_gap000743,True,
vcm_train_gap000745,True,
vcm_train_gap000747,True,
vcm_train_gap000749,True,
vcm_train_gap000751,True,
vcm_train_gap000753,True,
vcm_train_gap000755,True,
vcm_train_gap000757,True,
vcm_train_gap000759,True,
vcm_train_gap000761,False,qa_flagged
vcm_train_gap000763,False,qa_flagged
vcm_train_gap000765,True,
vcm_train_gap000767,True,
vcm_train_gap000769,True,
vcm_train_gap000771,True,
vcm_train_gap000773,True,
vcm_train_gap000775,False,qa_flagged
vcm_train_gap000777,True,
vcm_train_gap000779,True,
vcm_train_gap000781,False,qa_flagged
vcm_train_gap000783,False,qa_flagged
vcm_train_gap000785,True,
vcm_train_gap000787,False,qa_flagged
vcm_train_gap000789,True,
vcm_train_gap000791,True,
vcm_train_gap000793,False,qa_flagged
vcm_train_gap000795,False,qa_flagged
vcm_train_gap000797,False,qa_flagged
vcm_train_gap000799,True,
vcm_train_gap000801,True,
vcm_train_gap000803,True,
vcm_train_gap000805,True,
vcm_train_gap000807,True,
vcm_train_gap000809,True,
vcm_train_gap000811,False,qa_flagged
vcm_train_gap000813,True,
vcm_train_gap000815,True,
vcm_train_gap000817,True,
vcm_train_gap000819,True,
vcm_train_gap000821,False,qa_flagged
vcm_train_gap000823,False,qa_flagged
vcm_train_gap000825,True,
vcm_train_gap000827,True,
vcm_train_gap000829,True,
vcm_train_gap000831,True,
vcm_train_gap000833,False,qa_flagged
vcm_train_gap000835,True,
vcm_train_gap000837,True,
vcm_train_gap000839,True,
vcm_train_gap000841,True,
vcm_train_gap000843,True,
vcm_train_gap000845,True,
vcm_train_gap000847,True,
vcm_train_gap000849,True,
vcm_train_gap000851,True,
vcm_train_gap000853,True,
vcm_train_gap000855,True,
vcm_train_gap000857,True,
vcm_train_gap000859,True,
vcm_train_gap000861,True,
vcm_train_gap000863,True,
vcm_train_gap000865,True,
vcm_train_gap000867,True,
vcm_train_gap000869,True,
vcm_train_gap000871,True,
vcm_train_gap000873,True,
vcm_train_gap000875,True,
vcm_train_gap000877,True,
vcm_train_gap000879,True,
vcm_train_gap000881,True,
vcm_train_gap000883,True,
vcm_train_gap000885,True,
vcm_train_gap000887,True,
vcm_train_gap000889,True,
vcm_train_gap000891,True,
vcm_train_gap000893,True,
vcm_train_gap000895,True,
vcm_train_gap000897,True,
vcm_train_gap000899,True,
vcm_train_gap000901,True,
vcm_train_gap000903,True,
vcm_train_gap000905,True,
vcm_train_gap000907,True,
vcm_train_gap000909,True,
vcm_train_gap000911,True,
vcm_train_gap000913,True,
vcm_train_gap000915,True,
vcm_train_gap000917,True,
vcm_train_gap000919,True,
vcm_train_gap000921,True,
vcm_train_gap000923,True,
vcm_train_gap000925,True,
vcm_train_gap000927,True,
vcm_train_gap000929,True,
vcm_train_gap000931,True,
vcm_train_gap000933,True,
vcm_train_gap000935,True,
vcm_train_gap000937,True,
vcm_train_gap000939,True,
vcm_train_gap000941,True,
vcm_train_gap000943,True,
vcm_train_gap000945,True,
vcm_train_gap000947,False,qa_flagged
vcm_train_gap000949,True,
vcm_train_gap000951,True,
vcm_train_gap000953,True,
vcm_train_gap000955,True,
vcm_train_gap000957,False,qa_flagged
vcm_train_gap000959,True,
vcm_train_gap000961,True,
vcm_train_gap000963,True,
vcm_train_gap000965,True,
vcm_train_gap000967,True,
vcm_train_gap000969,True,
vcm_train_gap000971,True,
vcm_train_gap000973,True,
vcm_train_gap000975,True,
vcm_train_gap000977,True,
vcm_train_gap000979,True,
vcm_train_gap000981,True,
vcm_train_gap000983,True,
vcm_train_gap000985,True,
vcm_train_gap000987,True,
vcm_train_gap000989,True,
vcm_train_gap000991,True,
vcm_train_gap000993,True,
vcm_train_gap000995,True,
vcm_train_gap000997,True,
vcm_train_gap000999,True,
vcm_train_gap001001,True,
vcm_train_gap001003,True,
vcm_train_gap001005,True,
vcm_train_gap001007,True,
vcm_train_gap001009,True,
vcm_train_gap001011,True,
vcm_train_gap001013,True,
vcm_train_gap001015,True,
vcm_train_gap001017,True,
vcm_train_gap001019,True,
vcm_train_gap001021,True,
vcm_train_gap001023,False,qa_flagged
vcm_train_gap001025,False,qa_flagged
vcm_train_gap001027,False,qa_flagged
vcm_train_gap001029,False,qa_flagged
vcm_train_gap001031,False,qa_flagged
vcm_train_gap001033,False,qa_flagged
vcm_train_gap001035,False,qa_flagged
vcm_train_gap001037,False,qa_flagged
vcm_train_gap001039,False,qa_flagged
vcm_train_gap001041,False,qa_flagged
vcm_train_gap001043,False,qa_flagged
vcm_train_gap001045,True,
vcm_train_gap001047,False,qa_flagged
vcm_train_gap001049,False,qa_flagged
vcm_train_gap001051,False,qa_flagged
vcm_train_gap001053,False,qa_flagged
vcm_train_gap001055,False,qa_flagged
vcm_train_gap001057,False,qa_flagged
vcm_train_gap001059,False,qa_flagged
vcm_train_gap001061,False,qa_flagged
vcm_train_gap001063,False,qa_flagged
vcm_train_gap001065,False,qa_flagged
vcm_train_gap001067,True,
vcm_train_gap001069,False,qa_flagged
vcm_train_gap001071,False,qa_flagged
vcm_train_gap001073,False,qa_flagged
vcm_train_gap001075,False,qa_flagged
vcm_train_gap001077,False,qa_flagged
vcm_train_gap001079,False,qa_flagged
vcm_train_gap001081,False,qa_flagged
vcm_train_gap001083,False,qa_flagged
vcm_train_gap001085,False,qa_flagged
vcm_train_gap001087,False,qa_flagged
vcm_train_gap001089,False,qa_flagged
vcm_train_gap001091,False,qa_flagged
vcm_train_gap001093,True,
vcm_train_gap001095,False,qa_flagged
vcm_train_gap001097,False,qa_flagged
vcm_train_gap001099,False,qa_flagged
vcm_train_gap001101,False,qa_flagged
vcm_train_gap001103,False,qa_flagged
vcm_train_gap001105,False,qa_flagged
vcm_train_gap001107,False,qa_flagged
vcm_train_gap001109,False,qa_flagged
vcm_train_gap001111,False,qa_flagged
vcm_train_gap001113,False,qa_flagged
vcm_train_gap001115,False,qa_flagged
vcm_train_gap001117,False,qa_flagged
vcm_train_gap001119,False,qa_flagged
vcm_train_gap001121,False,qa_flagged
vcm_train_gap001123,False,qa_flagged
vcm_train_gap001125,False,qa_flagged
vcm_train_gap001127,False,qa_flagged
vcm_train_gap001129,False,qa_flagged
vcm_train_gap001131,False,qa_flagged
vcm_train_gap001133,False,qa_flagged
vcm_train_gap001135,False,qa_flagged
vcm_train_gap001137,False,qa_flagged
vcm_train_gap001139,False,qa_flagged
vcm_train_gap001141,False,qa_flagged
vcm_train_gap001143,False,qa_flagged
vcm_train_gap001145,False,qa_flagged
vcm_train_gap001147,False,qa_flagged
vcm_train_gap001149,False,qa_flagged
vcm_train_gap001151,False,qa_flagged
vcm_train_gap001153,False,qa_flagged
vcm_train_gap001155,False,qa_flagged
vcm_train_gap001157,False,qa_flagged
vcm_train_gap001159,True,
vcm_train_gap001161,False,qa_flagged
vcm_train_gap001163,False,qa_flagged
vcm_train_gap001165,False,qa_flagged
vcm_train_gap001167,False,qa_flagged
vcm_train_gap001169,False,qa_flagged
vcm_train_gap001171,False,qa_flagged
vcm_train_gap001173,False,qa_flagged
vcm_train_gap001175,False,qa_flagged
vcm_train_gap001177,False,qa_flagged
vcm_train_gap001179,False,qa_flagged
vcm_train_gap001181,False,qa_flagged
vcm_train_gap001183,False,qa_flagged
vcm_train_gap001185,False,qa_flagged
vcm_train_gap001187,False,qa_flagged
vcm_train_gap001189,False,qa_flagged
vcm_train_gap001191,False,qa_flagged
vcm_train_gap001193,False,qa_flagged
vcm_train_gap001195,False,qa_flagged
vcm_train_gap001197,False,qa_flagged
vcm_train_gap001199,False,qa_flagged
vcm_train_gap001201,False,qa_flagged
vcm_train_gap001203,False,qa_flagged
vcm_train_gap001205,False,qa_flagged
vcm_train_gap001207,False,qa_flagged
vcm_train_gap001209,False,qa_flagged
vcm_train_gap001211,False,qa_flagged
vcm_train_gap001213,False,qa_flagged
vcm_train_gap001215,False,qa_flagged
vcm_train_gap001217,False,qa_flagged
vcm_train_gap001219,False,qa_flagged
vcm_train_gap001221,False,qa_flagged
vcm_train_gap001223,False,qa_flagged
vcm_train_gap001225,False,qa_flagged
vcm_train_gap001227,False,qa_flagged
vcm_train_gap001229,False,qa_flagged
vcm_train_gap001231,False,qa_flagged
vcm_train_gap001233,False,qa_flagged
vcm_train_gap001235,False,qa_flagged
vcm_train_gap001237,False,qa_flagged
vcm_train_gap001239,False,qa_flagged
vcm_train_gap001241,False,qa_flagged
vcm_train_gap001243,False,qa_flagged
vcm_train_gap001245,False,qa_flagged
vcm_train_gap001247,False,qa_flagged
vcm_train_gap001249,False,qa_flagged
vcm_train_gap001251,False,qa_flagged
vcm_train_gap001253,False,qa_flagged
vcm_train_gap001255,False,qa_flagged
vcm_train_gap001257,False,qa_flagged
vcm_train_gap001259,False,qa_flagged
vcm_train_gap001261,False,qa_flagged
vcm_train_gap001263,False,qa_flagged
vcm_train_gap001265,False,qa_flagged
vcm_train_gap001267,False,qa_flagged
vcm_train_gap001269,False,qa_flagged
vcm_train_gap001271,False,qa_flagged
vcm_train_gap001273,False,qa_flagged
vcm_train_gap001275,False,qa_flagged
vcm_train_gap001277,False,qa_flagged
vcm_train_gap001279,False,qa_flagged
vcm_train_gap001281,False,qa_flagged
vcm_train_gap001283,False,qa_flagged
vcm_train_gap001285,False,qa_flagged
vcm_train_gap001287,False,qa_flagged
vcm_train_gap001289,False,qa_flagged
vcm_train_gap001291,False,qa_flagged
vcm_train_gap001293,False,qa_flagged
vcm_train_gap001295,False,qa_flagged
vcm_train_gap001297,False,qa_flagged
vcm_train_gap001299,False,qa_flagged
vcm_train_gap001301,False,qa_flagged
vcm_train_gap001303,False,qa_flagged
vcm_train_gap001305,False,qa_flagged
vcm_train_gap001307,False,qa_flagged
vcm_train_gap001309,False,qa_flagged
vcm_train_gap001311,False,qa_flagged
vcm_train_gap001313,False,qa_flagged
vcm_train_gap001315,False,qa_flagged
vcm_train_gap001317,False,qa_flagged
vcm_train_gap001319,False,qa_flagged
vcm_train_gap001321,False,qa_flagged
vcm_train_gap001323,False,qa_flagged
vcm_train_gap001325,False,qa_flagged
vcm_train_gap001327,False,qa_flagged
vcm_train_gap001329,False,qa_flagged
vcm_train_gap001331,False,qa_flagged
vcm_train_gap001333,False,qa_flagged
vcm_train_gap001335,False,qa_flagged
vcm_train_gap001337,False,qa_flagged
vcm_train_gap001339,False,qa_flagged
vcm_train_gap001341,False,qa_flagged
vcm_train_gap001343,False,qa_flagged
vcm_train_gap001345,False,qa_flagged
vcm_train_gap001347,False,qa_flagged
vcm_train_gap001349,False,qa_flagged
vcm_train_gap001351,False,qa_flagged
vcm_train_gap001353,False,qa_flagged
vcm_train_gap001355,False,qa_flagged
vcm_train_gap001357,False,qa_flagged
vcm_train_gap001359,False,qa_flagged
vcm_train_gap001361,False,qa_flagged
vcm_train_gap001363,True,
vcm_train_gap001365,True,
vcm_train_gap001367,True,
vcm_train_gap001369,True,
vcm_train_gap001371,True,
vcm_train_gap001373,True,
vcm_train_gap001375,True,
vcm_train_gap001377,True,
vcm_train_gap001379,True,
vcm_train_gap001381,True,
vcm_train_gap001383,True,
vcm_train_gap001385,True,
vcm_train_gap001387,True,
vcm_train_gap001389,True,
vcm_train_gap001391,True,
vcm_train_gap001393,True,
vcm_train_gap001395,True,
vcm_train_gap001397,False,qa_flagged
vcm_train_gap001399,True,
vcm_train_gap001401,False,qa_flagged
vcm_train_gap001403,True,
vcm_train_gap001405,True,
vcm_train_gap001407,True,
vcm_train_gap001409,True,
vcm_train_gap001411,True,
vcm_train_gap001413,True,
vcm_train_gap001415,True,
vcm_train_gap001417,True,
vcm_train_gap001419,True,
vcm_train_gap001421,True,
vcm_train_gap001423,False,qa_flagged
vcm_train_gap001425,True,
vcm_train_gap001427,True,
vcm_train_gap001429,True,
vcm_train_gap001431,True,
vcm_train_gap001433,True,
vcm_train_gap001435,True,
vcm_train_gap001437,True,
vcm_train_gap001439,True,
vcm_train_gap001441,True,
vcm_train_gap001443,True,
vcm_train_gap001445,True,
vcm_train_gap001447,False,qa_flagged
vcm_train_gap001449,True,
vcm_train_gap001451,True,
vcm_train_gap001453,True,
vcm_train_gap001455,False,qa_flagged
vcm_train_gap001457,False,qa_flagged
vcm_train_gap001459,True,
vcm_train_gap001461,True,
vcm_train_gap001463,True,
vcm_train_gap001465,True,
vcm_train_gap001467,True,
vcm_train_gap001469,True,
vcm_train_gap001471,True,
vcm_train_gap001473,True,
vcm_train_gap001475,True,
vcm_train_gap001477,True,
vcm_train_gap001479,True,
vcm_train_gap001481,True,
vcm_train_gap001483,True,
vcm_train_gap001485,True,
vcm_train_gap001487,True,
vcm_train_gap001489,True,
vcm_train_gap001491,True,
vcm_train_gap001493,True,
vcm_train_gap001495,True,
vcm_train_gap001497,True,
vcm_train_gap001499,True,
vcm_train_gap001501,True,
vcm_train_gap001503,True,
vcm_train_gap001505,True,
vcm_train_gap001507,True,
vcm_train_gap001509,True,
vcm_train_gap001511,True,
vcm_train_gap001513,True,
vcm_train_gap001515,True,
vcm_train_gap001517,True,
vcm_train_gap001519,False,qa_flagged
vcm_train_gap001521,False,qa_flagged
vcm_train_gap001523,False,qa_flagged
vcm_train_gap001525,True,
vcm_train_gap001527,False,qa_flagged
vcm_train_gap001529,True,
vcm_train_gap001531,True,
vcm_train_gap001533,False,qa_flagged
vcm_train_gap001535,False,qa_flagged
vcm_train_gap001537,False,qa_flagged
vcm_train_gap001539,False,qa_flagged
vcm_train_gap001541,False,qa_flagged
vcm_train_gap001543,True,
vcm_train_gap001545,False,qa_flagged
vcm_train_gap001547,False,qa_flagged
vcm_train_gap001549,False,qa_flagged
vcm_train_gap001551,False,qa_flagged
vcm_train_gap001553,True,
vcm_train_gap001555,True,
vcm_train_gap001557,False,qa_flagged
vcm_train_gap001559,False,qa_flagged
vcm_train_gap001561,True,
vcm_train_gap001563,False,qa_flagged
vcm_train_gap001565,False,qa_flagged
vcm_train_gap001567,False,qa_flagged
vcm_train_gap001569,False,qa_flagged
vcm_train_gap001571,False,qa_flagged
vcm_train_gap001573,False,qa_flagged
vcm_train_gap001575,False,qa_flagged
vcm_train_gap001577,True,
vcm_train_gap001579,False,qa_flagged
vcm_train_gap001581,True,
vcm_train_gap001583,False,qa_flagged
vcm_train_gap001585,False,qa_flagged
vcm_train_gap001587,False,qa_flagged
vcm_train_gap001589,True,
vcm_train_gap001591,False,qa_flagged
vcm_train_gap001593,False,qa_flagged
vcm_train_gap001595,True,
vcm_train_gap001597,False,qa_flagged
vcm_train_gap001599,False,qa_flagged
vcm_train_gap001601,False,qa_flagged
vcm_train_gap001603,False,qa_flagged
vcm_train_gap001605,False,qa_flagged
vcm_train_gap001607,False,qa_flagged
vcm_train_gap001609,False,qa_flagged
vcm_train_gap001611,False,qa_flagged
vcm_train_gap001613,False,qa_flagged
vcm_train_gap001615,False,qa_flagged
vcm_train_gap001617,False,qa_flagged
vcm_train_gap001619,False,qa_flagged
vcm_train_gap001621,False,qa_flagged
vcm_train_gap001623,False,qa_flagged
vcm_train_gap001625,False,qa_flagged
vcm_train_gap001627,False,qa_flagged
vcm_train_gap001629,False,qa_flagged
vcm_train_gap001631,False,qa_flagged
vcm_train_gap001633,False,qa_flagged
vcm_train_gap001635,False,qa_flagged
vcm_train_gap001637,False,qa_flagged
vcm_train_gap001639,False,qa_flagged
vcm_train_gap001641,False,qa_flagged
vcm_train_gap001643,False,qa_flagged
vcm_train_gap001645,False,qa_flagged
vcm_train_gap001647,False,qa_flagged
vcm_train_gap001649,False,qa_flagged
vcm_train_gap001651,False,qa_flagged
vcm_train_gap001653,False,qa_flagged
vcm_train_gap001655,False,qa_flagged
vcm_train_gap001657,False,qa_flagged
vcm_train_gap001659,False,qa_flagged
vcm_train_gap001661,False,qa_flagged
vcm_train_gap001663,False,qa_flagged
vcm_train_gap001665,False,qa_flagged
vcm_train_gap001667,False,qa_flagged
vcm_train_gap001669,False,qa_flagged
vcm_train_gap001671,False,qa_flagged
vcm_train_gap001673,False,qa_flagged
vcm_train_gap001675,False,qa_flagged
vcm_train_gap001677,False,qa_flagged
vcm_train_gap001679,False,qa_flagged
vcm_train_gap001681,False,qa_flagged
vcm_train_gap001683,False,qa_flagged
vcm_train_gap001685,False,qa_flagged
vcm_train_gap001687,False,qa_flagged
vcm_train_gap001689,False,qa_flagged
vcm_train_gap001691,False,qa_flagged
vcm_train_gap001693,False,qa_flagged
vcm_train_gap001695,False,qa_flagged
vcm_train_gap001697,False,qa_flagged
vcm_train_gap001699,False,qa_flagged
vcm_train_gap001701,False,qa_flagged
vcm_train_gap001703,False,qa_flagged
vcm_train_gap001705,False,qa_flagged
vcm_train_gap001707,False,qa_flagged
vcm_train_gap001709,False,qa_flagged
vcm_train_gap001711,False,qa_flagged
vcm_train_gap001713,False,qa_flagged
vcm_train_gap001715,True,
vcm_train_gap001717,False,qa_flagged
vcm_train_gap001719,False,qa_flagged
vcm_train_gap001721,False,qa_flagged
vcm_train_gap001723,False,qa_flagged
vcm_train_gap001725,True,
vcm_train_gap001727,False,qa_flagged
vcm_train_gap001729,False,qa_flagged
vcm_train_gap001731,False,qa_flagged
vcm_train_gap001733,True,
vcm_train_gap001735,False,qa_flagged
vcm_train_gap001737,False,qa_flagged
vcm_train_gap001739,False,qa_flagged
vcm_train_gap001741,True,
vcm_train_gap001743,False,qa_flagged
vcm_train_gap001745,False,qa_flagged
vcm_train_gap001747,True,
vcm_train_gap001749,False,qa_flagged
vcm_train_gap001751,False,qa_flagged
vcm_train_gap001753,False,qa_flagged
vcm_train_gap001755,False,qa_flagged
vcm_train_gap001757,False,qa_flagged
vcm_train_gap001759,False,qa_flagged
vcm_train_gap001761,False,qa_flagged
vcm_train_gap001763,False,qa_flagged
vcm_train_gap001765,False,qa_flagged
vcm_train_gap001767,False,qa_flagged
vcm_train_gap001769,False,qa_flagged
vcm_train_gap001771,False,qa_flagged
vcm_train_gap001773,False,qa_flagged
vcm_train_gap001775,False,qa_flagged
vcm_train_gap001777,False,qa_flagged
vcm_train_gap001779,False,qa_flagged
vcm_train_gap001781,False,qa_flagged
vcm_train_gap001783,False,qa_flagged
vcm_train_gap001785,False,qa_flagged
vcm_train_gap001787,False,qa_flagged
vcm_train_gap001789,False,qa_flagged
vcm_train_gap001791,False,qa_flagged
vcm_train_gap001793,False,qa_flagged
vcm_train_gap001795,False,qa_flagged
vcm_train_gap001797,True,
vcm_train_gap001799,False,qa_flagged
vcm_train_gap001801,False,qa_flagged
vcm_train_gap001803,True,
vcm_train_gap001805,False,qa_flagged
vcm_train_gap001807,False,qa_flagged
vcm_train_gap001809,False,qa_flagged
vcm_train_gap001811,False,qa_flagged
vcm_train_gap001813,False,qa_flagged
vcm_train_gap001815,False,qa_flagged
vcm_train_gap001817,True,
vcm_train_gap001819,True,
vcm_train_gap001821,True,
vcm_train_gap001823,True,
vcm_train_gap001825,True,
vcm_train_gap001827,True,
vcm_train_gap001829,True,
vcm_train_gap001831,True,
vcm_train_gap001833,True,
vcm_train_gap001835,True,
vcm_train_gap001837,True,
vcm_train_gap001839,True,
vcm_train_gap001841,True,
vcm_train_gap001843,True,
vcm_train_gap001845,True,
vcm_train_gap001847,True,
