voice_id,prompt_source,split,prompt_seconds,prompt_text,origin
fsc_00,sapinsapin,train,8.282,Mapaliwanagan Paningin Magkakaroon Biyernes Madaanan Lumabas Inurong Agahan,sapinsapin:speaker_00
fsc_03,sapinsapin,train,8.120,Tahanan Yad Kanto Araw Tumakas Bol Ran Gupitan,sapinsapin:speaker_03
fsc_06,sapinsapin,train,8.758,nonfsc madidilat kalawakan uunlad din ang iyong buhay tambakan binuhusan Sigurado ka ba na petsa,sapinsapin:speaker_06
fsc_102,sapinsapin,train,8.436,meydyor sabdyeks mabigyang werdino galo gayahin pautos feys-tawel secretary,sapinsapin:speaker_102
fsc_107,sapinsapin,train,8.800,mangingisda dati ay masaganang bayan panahon hula mapapatingin ka sa dapat sang-ayon samahan,sapinsapin:speaker_107
fsc_112,sapinsapin,train,9.315,"medyo magulo ang pamilya namin medyo magulo ang pamilya namin tapos yun pagkatapos sa karahasang dinudulot noon sa mamamayan sa karahasang dinudulot noon sa mamamayan tapos sa amin sa mommy ko, apat kaming magkakapatid",sapinsapin:speaker_112
fsc_113,sapinsapin,train,9.015,"pero hindi nila alam, nasa Region II lang kami pero hindi nila alam, nasa Region II lang kami isa sa pinaka-hindi ko ang sinasabi pa nga nuing iba sa UP, sa aking buhay kolehiyo",sapinsapin:speaker_113
fsc_114,sapinsapin,train,8.998,mahilig akong magtext Japanese era sa kwento ng pero hindi na pwede kasi patay na sya pero hindi na pwede kasi patay na sya pero hindi na pwede kasi patay na sya,sapinsapin:speaker_114
fsc_12,sapinsapin,train,8.141,handaan Hindi natin dapat itanim sa isipan ang kahapon Hindi natin dapat itanim sa isipan ang kahapon lamok Sasamahan Kalikasan dilikado,sapinsapin:speaker_12
fsc_131,sapinsapin,train,9.194,yung paggawa ng mga circuits yung paggawa ng mga circuits sobrang hirap talaga pinakamahirap na subject na nakuha ko dito sa triple E pinakamahirap na subject na nakuha ko dito sa triple E ayan naalala ko nung last year,sapinsapin:speaker_131
fsc_14,sapinsapin,train,8.265,was aralin maghanda talo tsek sulsol umunlad,sapinsapin:speaker_14
fsc_142,sapinsapin,train,8.101,pinag iisip ako iisa lang ang org sa iisa lang ang org sa hoy nagiging akademiks nagiging akademiks,sapinsapin:speaker_142
fsc_15,sapinsapin,train,8.589,Imposibleng Miyerkules Sibakin Iwasan Magsanib Sari-saring Naninirahan Lambingan,sapinsapin:speaker_15
fsc_21,sapinsapin,train,8.975,mag-asawa samantala nagkukuwento layuin nagsasalaysay intindihin nagsabi pinagsabihan nagbibigay,sapinsapin:speaker_21
fsc_22,sapinsapin,train,8.888,masisigurado makarating sindihan malayong pilian sinamahan aalis mananalanta maintindihan,sapinsapin:speaker_22
fsc_23,sapinsapin,train,8.627,nagsasabog nakapagtapos bantayan talampakan gastusin aktibong sikipan binaybay magutos,sapinsapin:speaker_23
fsc_26,sapinsapin,train,8.147,familyar kalawakan nonfsc kasawian magkakabisa nobyembre magkalimutan valibol,sapinsapin:speaker_26
fsc_28,sapinsapin,train,8.022,nonfsc nonfsc lumisan palabas paghaharapin opisinang pangyayari,sapinsapin:speaker_28
fsc_35,sapinsapin,train,8.646,nagdidilim aalis kainin rayuma alalayan bumababoy katyawan Bakit hindi na lang natin tanawin ang bukas,sapinsapin:speaker_35
fsc_38,sapinsapin,train,8.303,lagpas nagtratrabaho nilasing lamangan gulangan kinuwento nagkukuwento darating,sapinsapin:speaker_38
fsc_40,sapinsapin,train,8.670,benta sikipan sarahan S segundo wel binili bigay,sapinsapin:speaker_40
fsc_46,sapinsapin,train,8.517,"Wala pang asawa ngunit gusto ng magkapamilya. Wala pang asawa ngunit gusto ng magkapamilya. biyernes Maganda siya, di ba? nonfsc nonfsc kinakain",sapinsapin:speaker_46
fsc_47,sapinsapin,train,8.766,Minsan Kaarawan Nagsawa Was Sulat Mayroon makasali Umusog,sapinsapin:speaker_47
fsc_52,sapinsapin,train,8.088,hintuan namumunga bintana notoryosong Ang unggoy ay nakita noong Friday. Ang unggoy ay nakita noong Friday. subalit lumakad siyang matuwid,sapinsapin:speaker_52
fsc_53,sapinsapin,train,9.461,babae nagising namamayagpag dumami ipabawas kanila nanay ang lakad natin di ba tapakan sa absens niya sa istartok,sapinsapin:speaker_53
fsc_57,sapinsapin,train,8.725,"sulatan bilhan pakiusap nagsabi sampung Kung minsan, may mga pangyayaring mahirap ipaliwanag. Kung minsan, may mga pangyayaring mahirap ipaliwanag.",sapinsapin:speaker_57
fsc_62,sapinsapin,train,8.350,nagbubungkal ako ng lupa at nakakaingin nagbubungkal ako ng lupa at nakakaingin suweldo bagsakin maintindihan nagkakaingin maibabalik,sapinsapin:speaker_62
fsc_64,sapinsapin,train,8.481,nig kunin basa naninirahan versus tsinelas daw ipagtimpla,sapinsapin:speaker_64
fsc_66,sapinsapin,train,8.594,pusang dahil saan dinilaan gunting ligaw halos pagkatapos,sapinsapin:speaker_66
fsc_68,sapinsapin,train,8.964,ginisa pakiluto itong isda dumilat sari-saring diretso sabungan sobre punta,sapinsapin:speaker_68
fsc_69,sapinsapin,train,8.625,dumarami magiging sunduin layuan sa aming bayan pinalawak ang mga kalsada sa aming bayan pinalawak ang mga kalsada malabo sabihan,sapinsapin:speaker_69
fsc_70,sapinsapin,train,8.844,"nandiyan lisanin mais palay gusali sunggaban ngunit ako ay lumipat sapagkat medyo nahirapan ako nun, nung mga panahon na iyon ngunit ako ay lumipat sapagkat medyo nahirapan ako nun, nung mga panahon na iyon",sapinsapin:speaker_70
fsc_72,sapinsapin,train,8.750,manlinlang Magandang hapon po paalis kailangan kalagayan paano kung nauunahan ka ng iyong mga kaibigan paano kung nauunahan ka ng iyong mga kaibigan magsawalang-kibo,sapinsapin:speaker_72
fsc_73,sapinsapin,train,9.136,am ako ang panganay magkamay ang mag-utos sa iyong asawa magiging ng dalaga ang bagay na iyon yung isa si jun rey sikipan,sapinsapin:speaker_73
fsc_76,sapinsapin,train,8.050,nagmamadaling lumabas ang dalaga konstruksyon magdasal maghihintay bilhan mo naman ako ng makakain ang sampung buwan ng bola,sapinsapin:speaker_76
fsc_78,sapinsapin,train,8.850,recreation usapan direksyon angkas mabilis pinaninindigan at tiniis valediktoryan itinuring,sapinsapin:speaker_78
fsc_80,sapinsapin,train,8.375,mangyayari ay ang pagtatatag ng special drug court ay ang pagtatatag ng special drug court tinatangkilik ang huli po ay si ashrin ang pangalan ang huli po ay si ashrin ang pangalan magtulungan,sapinsapin:speaker_80
fsc_82,sapinsapin,train,8.400,nananalangin mabilis paborito versatil angkas kinuwento nagkaayusan natapos,sapinsapin:speaker_82
fsc_86,sapinsapin,train,8.923,kalayaan at sa huling bola magsikap ka kampihan sabay dapat dagdagan kalsada insulto,sapinsapin:speaker_86
fsc_91,sapinsapin,train,9.170,daigdig pakihugas tsinelas matamis kapitbahay mabuhay ginoong ligawan Sa ngayon ay wala pa akong boyfriend.,sapinsapin:speaker_91
fsc_98,sapinsapin,train,8.300,nilapitan magsabong nakakasilaw sapakan ang mag utos sa iyong asawa na bawasin ang mag utos sa iyong asawa na bawasin relayabol,sapinsapin:speaker_98
fsc_99,sapinsapin,train,9.559,makiangkas kamusta pero di pa ko masyadong nakakalayo din e kasi ang hirap ng mga truck binawasan bertdey batuhin intindihin ang buong pangalan nya ay santso pantso,sapinsapin:speaker_99
ref_ilonggo1,references,train,9.260,Please call Stella. Ask her to bring these things with her from the store. Six ponds of fresh...,references:ilonggo1.mp3
ref_tagalog12,references,train,10.060,Please call Stella. Ask her to bring these things with her from the store. Six spoons of fresh snow peas.,references:tagalog12.mp3
ref_tagalog14,references,train,9.840,Please call Stella. Ask her to bring these things with her from the store. 6 spoon or fresh snow peas. 5...,references:tagalog14.mp3
ref_tagalog15,references,train,10.800,Please call Stella. Ask her to bring these things with her from the store. Six spoons of fresh snow peas.,references:tagalog15.mp3
ref_tagalog16,references,train,8.860,Please call Stella. Ask her to bring these things with her from the store. Six spoons of fresh snow peas.,references:tagalog16.mp3
ref_tagalog5,references,train,8.180,Please call Stella. Ask her to bring these things with her from the store. Six spoons of fresh snow peas.,references:tagalog5.mp3
ref_tagalog6,references,train,9.140,Please call Stella. Ask her to bring these things with her from the store. Six spoons of fresh snow peas. Five thick slabs of blue cheese.,references:tagalog6.mp3
ref_tagalog8,references,train,8.280,Please call Stella. Ask her to bring these things with her from the store. Six spoons of fresh snow peas.,references:tagalog8.mp3
